title,price,rating,reviews,availability
"Ambrane 10000mAh Slim Power Bank, 20W Fast Charging, Dual Output, Type C PD (Input & Output), Quick Charge, Li-Polymer, Multi-Layer Protection for iPhone, Anrdoid & Other Devices (Stylo 10K, Black)",,3.8 out of 5 stars,"14,866 ratings",In stock
"Ambrane 10000mAh Slim Power Bank, 20W Fast Charging, Dual Output, Type C PD (Input & Output), Quick Charge, Li-Polymer, Multi-Layer Protection for iPhone, Anrdoid & Other Devices (Stylo 10K, Black)",,3.8 out of 5 stars,"14,866 ratings",In stock
,,Previous slide,,Not Available
"Ambrane 10000mAh Slim Power Bank, 20W Fast Charging, Dual Output, Type C PD (Input & Output), Quick Charge, Li-Polymer, Multi-Layer Protection for iPhone, Anrdoid & Other Devices (Stylo 10K, Black)",,3.8 out of 5 stars,"14,866 ratings",In stock
"Ambrane 10000mAh Slim Power Bank, 20W Fast Charging, Dual Output, Type C PD (Input & Output), Quick Charge, Li-Polymer, Multi-Layer Protection for iPhone, Anrdoid & Other Devices (Stylo 10K, Black)",,3.8 out of 5 stars,"14,866 ratings",In stock
,,,,Not Available
"Ambrane 10000mAh Slim Power Bank, 20W Fast Charging, Dual Output, Type C PD (Input & Output), Quick Charge, Li-Polymer, Multi-Layer Protection for iPhone, Anrdoid & Other Devices (Stylo 10K, Black)",,3.8 out of 5 stars,"14,866 ratings",In stock
"Amazon Basics 20000mAh 22.5W Lithium-Polymer Power Bank | Dual Input, Triple Output | Fast Charging, Black, Type-C Cable Included",,3.8 out of 5 stars,"2,264 ratings",In stock
,,Previous slide,,Not Available
"Amazon Basics 20000mAh 22.5W Lithium-Polymer Power Bank | Dual Input, Triple Output | Fast Charging, Black, Type-C Cable Included",,3.8 out of 5 stars,"2,264 ratings",In stock
"Amazon Basics 20000mAh 22.5W Lithium-Polymer Power Bank | Dual Input, Triple Output | Fast Charging, Black, Type-C Cable Included",,3.8 out of 5 stars,"2,264 ratings",In stock
"Amazon Basics 20000mAh 22.5W Lithium-Polymer Power Bank | Dual Input, Triple Output | Fast Charging, Black, Type-C Cable Included",,3.8 out of 5 stars,"2,264 ratings",In stock
"Amazon Basics 10000mAh 22.5W Lithium-Polymer Power Bank | Dual Input, Triple Output | Fast Charging, Black, Type-C Cable Included",,3.6 out of 5 stars,408 ratings,In stock
,,Previous slide,,Not Available
"Amazon Basics 10000mAh 22.5W Lithium-Polymer Power Bank | Dual Input, Triple Output | Fast Charging, Black, Type-C Cable Included",,3.6 out of 5 stars,408 ratings,In stock
"Amazon Basics 10000mAh 22.5W Lithium-Polymer Power Bank | Dual Input, Triple Output | Fast Charging, Black, Type-C Cable Included",,3.6 out of 5 stars,408 ratings,In stock
"Amazon Basics 10000mAh 22.5W Lithium-Polymer Power Bank | Dual Input, Triple Output | Fast Charging, Black, Type-C Cable Included",,3.6 out of 5 stars,408 ratings,In stock
"Ambrane 10000mAh Slim Power Bank, 20W Fast Charging, Dual Output, Type C PD (Input & Output), Quick Charge, Li-Polymer, Multi-Layer Protection for iPhone, Anrdoid & Other Devices (Stylo 10K, Black)",,3.8 out of 5 stars,"14,866 ratings",In stock
"Ambrane 10000mAh Slim Power Bank, 20W Fast Charging, Dual Output, Type C PD (Input & Output), Quick Charge, Li-Polymer, Multi-Layer Protection for iPhone, Anrdoid & Other Devices (Stylo 10K, Black)",,3.8 out of 5 stars,"14,866 ratings",In stock
"Ambrane 10000mAh Slim Power Bank, 20W Fast Charging, Dual Output, Type C PD (Input & Output), Quick Charge, Li-Polymer, Multi-Layer Protection for iPhone, Anrdoid & Other Devices (Stylo 10K, Black)",,3.8 out of 5 stars,"14,866 ratings",In stock
"Ambrane 10000mAh Slim Power Bank, 20W Fast Charging, Dual Output, Type C PD (Input & Output), Quick Charge, Li-Polymer, Multi-Layer Protection for iPhone, Anrdoid & Other Devices (Stylo 10K, Black)",,3.8 out of 5 stars,"14,866 ratings",In stock
,,,,Not Available
"Ambrane 10000mAh Slim Power Bank, 20W Fast Charging, Dual Output, Type C PD (Input & Output), Quick Charge, Li-Polymer, Multi-Layer Protection for iPhone, Anrdoid & Other Devices (Stylo 10K, Black)",,3.8 out of 5 stars,"14,866 ratings",In stock
"Amazon Basics 20000mAh 12W Lithium-Polymer Power Bank | Dual Input, Dual Output | Black, Type-C Cable Included",,3.8 out of 5 stars,"2,264 ratings",In stock
"Amazon Basics 20000mAh 12W Lithium-Polymer Power Bank | Dual Input, Dual Output | Black, Type-C Cable Included",,3.8 out of 5 stars,"2,264 ratings",In stock
"Amazon Basics 20000mAh 12W Lithium-Polymer Power Bank | Dual Input, Dual Output | Black, Type-C Cable Included",,3.8 out of 5 stars,"2,264 ratings",In stock
"Amazon Basics 20000mAh 12W Lithium-Polymer Power Bank | Dual Input, Dual Output | Black, Type-C Cable Included",,3.8 out of 5 stars,"2,264 ratings",In stock
Mi Power Bank Boost Pro 30000mAh with 18W Fast Charging|Power Delivery 3.0|24W Fast Recharging|Triple Output Port|Dual Input with Type C|16 Layer Protection (Black),,4.2 out of 5 stars,718 ratings,In stock
Mi Power Bank Boost Pro 30000mAh with 18W Fast Charging|Power Delivery 3.0|24W Fast Recharging|Triple Output Port|Dual Input with Type C|16 Layer Protection (Black),,4.2 out of 5 stars,718 ratings,In stock
Mi Power Bank Boost Pro 30000mAh with 18W Fast Charging|Power Delivery 3.0|24W Fast Recharging|Triple Output Port|Dual Input with Type C|16 Layer Protection (Black),,4.2 out of 5 stars,718 ratings,In stock
Mi Power Bank Boost Pro 30000mAh with 18W Fast Charging|Power Delivery 3.0|24W Fast Recharging|Triple Output Port|Dual Input with Type C|16 Layer Protection (Black),,4.2 out of 5 stars,718 ratings,In stock
"pTron Dynamo 10000mAh 22.5W Power Bank Supports VOOC/Wrap/Dash USB Charging, 20W PD Fast Charging, 3 Output, 2 Input Ports Type-C/PD & Micro USB & Multiple Layers of Protection (Green)",,4.2 out of 5 stars,162 ratings,In stock
"pTron Dynamo 10000mAh 22.5W Power Bank Supports VOOC/Wrap/Dash USB Charging, 20W PD Fast Charging, 3 Output, 2 Input Ports Type-C/PD & Micro USB & Multiple Layers of Protection (Green)",,4.2 out of 5 stars,162 ratings,In stock
"pTron Dynamo 10000mAh 22.5W Power Bank Supports VOOC/Wrap/Dash USB Charging, 20W PD Fast Charging, 3 Output, 2 Input Ports Type-C/PD & Micro USB & Multiple Layers of Protection (Green)",,4.2 out of 5 stars,162 ratings,In stock
,,,,Not Available
"pTron Dynamo 10000mAh 22.5W Power Bank Supports VOOC/Wrap/Dash USB Charging, 20W PD Fast Charging, 3 Output, 2 Input Ports Type-C/PD & Micro USB & Multiple Layers of Protection (Green)",,4.2 out of 5 stars,162 ratings,In stock
"Amazon Basics 20000mAh 22.5W Lithium-Polymer Power Bank | Dual Input, Triple Output | Fast Charging, Black, Type-C Cable Included",,3.8 out of 5 stars,"2,264 ratings",In stock
"Amazon Basics 20000mAh 22.5W Lithium-Polymer Power Bank | Dual Input, Triple Output | Fast Charging, Black, Type-C Cable Included",,3.8 out of 5 stars,"2,264 ratings",In stock
"Amazon Basics 20000mAh 22.5W Lithium-Polymer Power Bank | Dual Input, Triple Output | Fast Charging, Black, Type-C Cable Included",,3.8 out of 5 stars,"2,264 ratings",In stock
"Amazon Basics 20000mAh 22.5W Lithium-Polymer Power Bank | Dual Input, Triple Output | Fast Charging, Black, Type-C Cable Included",,3.8 out of 5 stars,"2,264 ratings",In stock
"Amazon Basics 20000mAh 22.5W Lithium-Polymer Metal Power Bank | Dual Input, Triple Output | Fast Charging, Twilight Blue, Type-C Cable Included",,3.8 out of 5 stars,"2,264 ratings",In stock
"Amazon Basics 20000mAh 22.5W Lithium-Polymer Metal Power Bank | Dual Input, Triple Output | Fast Charging, Twilight Blue, Type-C Cable Included",,3.8 out of 5 stars,"2,264 ratings",In stock
"Amazon Basics 20000mAh 22.5W Lithium-Polymer Metal Power Bank | Dual Input, Triple Output | Fast Charging, Twilight Blue, Type-C Cable Included",,3.8 out of 5 stars,"2,264 ratings",In stock
"Amazon Basics 20000mAh 22.5W Lithium-Polymer Metal Power Bank | Dual Input, Triple Output | Fast Charging, Twilight Blue, Type-C Cable Included",,3.8 out of 5 stars,"2,264 ratings",In stock
"pTron Dynamo Classic 20000mAh 22.5W Power Bank, Supports VOOC/Wrap/Dash USB Charging, 20W PD Fast Charging, 3 Outputs, 2 Inputs Type-C/PD & Micro USB, Multi Layers of Protection (Black)",,3.9 out of 5 stars,502 ratings,In stock
"pTron Dynamo Classic 20000mAh 22.5W Power Bank, Supports VOOC/Wrap/Dash USB Charging, 20W PD Fast Charging, 3 Outputs, 2 Inputs Type-C/PD & Micro USB, Multi Layers of Protection (Black)",,3.9 out of 5 stars,502 ratings,In stock
"pTron Dynamo Classic 20000mAh 22.5W Power Bank, Supports VOOC/Wrap/Dash USB Charging, 20W PD Fast Charging, 3 Outputs, 2 Inputs Type-C/PD & Micro USB, Multi Layers of Protection (Black)",,3.9 out of 5 stars,502 ratings,In stock
"pTron Dynamo Classic 20000mAh 22.5W Power Bank, Supports VOOC/Wrap/Dash USB Charging, 20W PD Fast Charging, 3 Outputs, 2 Inputs Type-C/PD & Micro USB, Multi Layers of Protection (Black)",,3.9 out of 5 stars,502 ratings,In stock
,,,,Not Available
"pTron Dynamo Classic 20000mAh 22.5W Power Bank, Supports VOOC/Wrap/Dash USB Charging, 20W PD Fast Charging, 3 Outputs, 2 Inputs Type-C/PD & Micro USB, Multi Layers of Protection (Black)",,3.9 out of 5 stars,502 ratings,In stock
"Portronics Ampbox 10K 10000 mAh Power Bank with 22.5W Fast Charging, Digital Display, Dual Output(Type C PD + USB), Type C Input, Wake Up Button(Black)",,4.1 out of 5 stars,120 ratings,In stock
"Portronics Ampbox 10K 10000 mAh Power Bank with 22.5W Fast Charging, Digital Display, Dual Output(Type C PD + USB), Type C Input, Wake Up Button(Black)",,4.1 out of 5 stars,120 ratings,In stock
"Portronics Ampbox 10K 10000 mAh Power Bank with 22.5W Fast Charging, Digital Display, Dual Output(Type C PD + USB), Type C Input, Wake Up Button(Black)",,4.1 out of 5 stars,120 ratings,In stock
"Portronics Ampbox 10K 10000 mAh Power Bank with 22.5W Fast Charging, Digital Display, Dual Output(Type C PD + USB), Type C Input, Wake Up Button(Black)",,4.1 out of 5 stars,120 ratings,In stock
,,,,Not Available
"Portronics Ampbox 10K 10000 mAh Power Bank with 22.5W Fast Charging, Digital Display, Dual Output(Type C PD + USB), Type C Input, Wake Up Button(Black)",,4.1 out of 5 stars,120 ratings,In stock
"pTron Newly Launched Dynamo 10000mAh 22.5W Power Bank, Made in India, 20W PD Fast Charging, 3 Output, 2 Input Ports Type-C/PD & Micro USB, Li-Polymer Battery & Multiple Layers of Protection (Black)",,3.7 out of 5 stars,"8,166 ratings",In stock
"pTron Newly Launched Dynamo 10000mAh 22.5W Power Bank, Made in India, 20W PD Fast Charging, 3 Output, 2 Input Ports Type-C/PD & Micro USB, Li-Polymer Battery & Multiple Layers of Protection (Black)",,3.7 out of 5 stars,"8,166 ratings",In stock
"pTron Newly Launched Dynamo 10000mAh 22.5W Power Bank, Made in India, 20W PD Fast Charging, 3 Output, 2 Input Ports Type-C/PD & Micro USB, Li-Polymer Battery & Multiple Layers of Protection (Black)",,3.7 out of 5 stars,"8,166 ratings",In stock
"pTron Newly Launched Dynamo 10000mAh 22.5W Power Bank, Made in India, 20W PD Fast Charging, 3 Output, 2 Input Ports Type-C/PD & Micro USB, Li-Polymer Battery & Multiple Layers of Protection (Black)",,3.7 out of 5 stars,"8,166 ratings",In stock
"Belkin 20000 mAh 15W PD 3.0 Slim Fast Charging Power Bank with 1 USB-C and 2 USB-A Ports to Charge 3 Devices Simultaneously, for iPhones, Android Phones, Smart Watches & More - Black",,4.5 out of 5 stars,745 ratings,In stock
"Belkin 20000 mAh 15W PD 3.0 Slim Fast Charging Power Bank with 1 USB-C and 2 USB-A Ports to Charge 3 Devices Simultaneously, for iPhones, Android Phones, Smart Watches & More - Black",,4.5 out of 5 stars,745 ratings,In stock
"Belkin 20000 mAh 15W PD 3.0 Slim Fast Charging Power Bank with 1 USB-C and 2 USB-A Ports to Charge 3 Devices Simultaneously, for iPhones, Android Phones, Smart Watches & More - Black",,4.5 out of 5 stars,745 ratings,In stock
,,,,Not Available
"Belkin 20000 mAh 15W PD 3.0 Slim Fast Charging Power Bank with 1 USB-C and 2 USB-A Ports to Charge 3 Devices Simultaneously, for iPhones, Android Phones, Smart Watches & More - Black",,4.5 out of 5 stars,745 ratings,In stock
"Amazon Basics 10000mAh 22.5W Lithium-Polymer Power Bank | Dual Input, Triple Output | Fast Charging, Black, Type-C Cable Included",,3.6 out of 5 stars,408 ratings,In stock
"Amazon Basics 10000mAh 22.5W Lithium-Polymer Power Bank | Dual Input, Triple Output | Fast Charging, Black, Type-C Cable Included",,3.6 out of 5 stars,408 ratings,In stock
"Amazon Basics 10000mAh 22.5W Lithium-Polymer Power Bank | Dual Input, Triple Output | Fast Charging, Black, Type-C Cable Included",,3.6 out of 5 stars,408 ratings,In stock
"Amazon Basics 10000mAh 22.5W Lithium-Polymer Power Bank | Dual Input, Triple Output | Fast Charging, Black, Type-C Cable Included",,3.6 out of 5 stars,408 ratings,In stock
"pTron Newly Launched Dynamo Lite 10000mAh 12W Power Bank, Made in India, Dual USB Charging Ports, 2 Input Ports Type-C & Micro USB, Slim Design & Multiple Layers of Protection (Blue)",,3.8 out of 5 stars,43 ratings,In stock
"pTron Newly Launched Dynamo Lite 10000mAh 12W Power Bank, Made in India, Dual USB Charging Ports, 2 Input Ports Type-C & Micro USB, Slim Design & Multiple Layers of Protection (Blue)",,3.8 out of 5 stars,43 ratings,In stock
"pTron Newly Launched Dynamo Lite 10000mAh 12W Power Bank, Made in India, Dual USB Charging Ports, 2 Input Ports Type-C & Micro USB, Slim Design & Multiple Layers of Protection (Blue)",,3.8 out of 5 stars,43 ratings,In stock
,,,,Not Available
"pTron Newly Launched Dynamo Lite 10000mAh 12W Power Bank, Made in India, Dual USB Charging Ports, 2 Input Ports Type-C & Micro USB, Slim Design & Multiple Layers of Protection (Blue)",,3.8 out of 5 stars,43 ratings,In stock
"pTron Dynamo 10000mAh 22.5W Power Bank Supports VOOC/Wrap/Dash USB Charging, 20W PD Fast Charging, 3 Output, 2 Input Ports Type-C/PD & Micro USB & Multiple Layers of Protection (Blue)",,3.6 out of 5 stars,79 ratings,In stock
"pTron Dynamo 10000mAh 22.5W Power Bank Supports VOOC/Wrap/Dash USB Charging, 20W PD Fast Charging, 3 Output, 2 Input Ports Type-C/PD & Micro USB & Multiple Layers of Protection (Blue)",,3.6 out of 5 stars,79 ratings,In stock
"pTron Dynamo 10000mAh 22.5W Power Bank Supports VOOC/Wrap/Dash USB Charging, 20W PD Fast Charging, 3 Output, 2 Input Ports Type-C/PD & Micro USB & Multiple Layers of Protection (Blue)",,3.6 out of 5 stars,79 ratings,In stock
,,,,Not Available
"pTron Dynamo 10000mAh 22.5W Power Bank Supports VOOC/Wrap/Dash USB Charging, 20W PD Fast Charging, 3 Output, 2 Input Ports Type-C/PD & Micro USB & Multiple Layers of Protection (Blue)",,3.6 out of 5 stars,79 ratings,In stock
"amazon basics 10000mAh 12W Lithium-Polymer Power Bank | Dual Input, Dual Output | Black, Type-C Cable Included",,3.8 out of 5 stars,"2,264 ratings",In stock
"amazon basics 10000mAh 12W Lithium-Polymer Power Bank | Dual Input, Dual Output | Black, Type-C Cable Included",,3.8 out of 5 stars,"2,264 ratings",In stock
"amazon basics 10000mAh 12W Lithium-Polymer Power Bank | Dual Input, Dual Output | Black, Type-C Cable Included",,3.8 out of 5 stars,"2,264 ratings",In stock
"amazon basics 10000mAh 12W Lithium-Polymer Power Bank | Dual Input, Dual Output | Black, Type-C Cable Included",,3.8 out of 5 stars,"2,264 ratings",In stock
"pTron Dynamo Classic 20000mAh 22.5W Power Bank, Supports VOOC/Wrap/Dash USB Charging, 20W PD Fast Charging, 3 Outputs, 2 Inputs Type-C/PD & Micro USB, Multi Layers of Protection (Blue)",,3.9 out of 5 stars,502 ratings,In stock
"pTron Dynamo Classic 20000mAh 22.5W Power Bank, Supports VOOC/Wrap/Dash USB Charging, 20W PD Fast Charging, 3 Outputs, 2 Inputs Type-C/PD & Micro USB, Multi Layers of Protection (Blue)",,3.9 out of 5 stars,502 ratings,In stock
"pTron Dynamo Classic 20000mAh 22.5W Power Bank, Supports VOOC/Wrap/Dash USB Charging, 20W PD Fast Charging, 3 Outputs, 2 Inputs Type-C/PD & Micro USB, Multi Layers of Protection (Blue)",,3.9 out of 5 stars,502 ratings,In stock
"pTron Dynamo Classic 20000mAh 22.5W Power Bank, Supports VOOC/Wrap/Dash USB Charging, 20W PD Fast Charging, 3 Outputs, 2 Inputs Type-C/PD & Micro USB, Multi Layers of Protection (Blue)",,3.9 out of 5 stars,502 ratings,In stock
,,,,Not Available
"pTron Dynamo Classic 20000mAh 22.5W Power Bank, Supports VOOC/Wrap/Dash USB Charging, 20W PD Fast Charging, 3 Outputs, 2 Inputs Type-C/PD & Micro USB, Multi Layers of Protection (Blue)",,3.9 out of 5 stars,502 ratings,In stock
"pTron Newly Launched Dynamo Z 10000mAh 22.5W Power Bank Supports VOOC/Wrap/Dash USB Charging, 20W PD Fast Charging, 3 Output Ports, 2 Input Ports & Multiple Layers of Protection (Black)",,3.8 out of 5 stars,137 ratings,In stock
"pTron Newly Launched Dynamo Z 10000mAh 22.5W Power Bank Supports VOOC/Wrap/Dash USB Charging, 20W PD Fast Charging, 3 Output Ports, 2 Input Ports & Multiple Layers of Protection (Black)",,3.8 out of 5 stars,137 ratings,In stock
"pTron Newly Launched Dynamo Z 10000mAh 22.5W Power Bank Supports VOOC/Wrap/Dash USB Charging, 20W PD Fast Charging, 3 Output Ports, 2 Input Ports & Multiple Layers of Protection (Black)",,3.8 out of 5 stars,137 ratings,In stock
,,,,Not Available
"pTron Newly Launched Dynamo Z 10000mAh 22.5W Power Bank Supports VOOC/Wrap/Dash USB Charging, 20W PD Fast Charging, 3 Output Ports, 2 Input Ports & Multiple Layers of Protection (Black)",,3.8 out of 5 stars,137 ratings,In stock
"Belkin 5000 mAh Magnetic MagSafe Compatible Wireless Power Bank with Stand, Sleek Design for iPhone 15, 14, 13 and 12 Series, Compatible with MagSafe Covers – White",,3.7 out of 5 stars,"1,428 ratings",In stock
"Belkin 5000 mAh Magnetic MagSafe Compatible Wireless Power Bank with Stand, Sleek Design for iPhone 15, 14, 13 and 12 Series, Compatible with MagSafe Covers – White",,3.7 out of 5 stars,"1,429 ratings",In stock
"Belkin 5000 mAh Magnetic MagSafe Compatible Wireless Power Bank with Stand, Sleek Design for iPhone 15, 14, 13 and 12 Series, Compatible with MagSafe Covers – White",,3.7 out of 5 stars,"1,429 ratings",In stock
"Belkin 5000 mAh Magnetic MagSafe Compatible Wireless Power Bank with Stand, Sleek Design for iPhone 15, 14, 13 and 12 Series, Compatible with MagSafe Covers – White",,3.7 out of 5 stars,"1,429 ratings",In stock
,,,,Not Available
"Belkin 5000 mAh Magnetic MagSafe Compatible Wireless Power Bank with Stand, Sleek Design for iPhone 15, 14, 13 and 12 Series, Compatible with MagSafe Covers – White",,3.7 out of 5 stars,"1,429 ratings",In stock
"Amazon Basics 10000mAh 22.5W Lithium-Polymer Metal Power Bank | Dual Input, Triple Output | Fast Charging, Twilight Blue, Type-C Cable Included",,3.8 out of 5 stars,"2,264 ratings",In stock
"Amazon Basics 10000mAh 22.5W Lithium-Polymer Metal Power Bank | Dual Input, Triple Output | Fast Charging, Twilight Blue, Type-C Cable Included",,3.8 out of 5 stars,"2,264 ratings",In stock
"Amazon Basics 10000mAh 22.5W Lithium-Polymer Metal Power Bank | Dual Input, Triple Output | Fast Charging, Twilight Blue, Type-C Cable Included",,3.8 out of 5 stars,"2,264 ratings",In stock
"Amazon Basics 10000mAh 22.5W Lithium-Polymer Metal Power Bank | Dual Input, Triple Output | Fast Charging, Twilight Blue, Type-C Cable Included",,3.8 out of 5 stars,"2,264 ratings",In stock
"Belkin 5000 mAh Magnetic MagSafe Compatible Wireless Power Bank with Stand, Sleek Design for iPhone 15, 14, 13 and 12 Series, Compatible with MagSafe Covers – Black",,3.7 out of 5 stars,"1,428 ratings",In stock
"Belkin 5000 mAh Magnetic MagSafe Compatible Wireless Power Bank with Stand, Sleek Design for iPhone 15, 14, 13 and 12 Series, Compatible with MagSafe Covers – Black",,3.7 out of 5 stars,"1,428 ratings",In stock
"Belkin 5000 mAh Magnetic MagSafe Compatible Wireless Power Bank with Stand, Sleek Design for iPhone 15, 14, 13 and 12 Series, Compatible with MagSafe Covers – Black",,3.7 out of 5 stars,"1,428 ratings",In stock
"Belkin 5000 mAh Magnetic MagSafe Compatible Wireless Power Bank with Stand, Sleek Design for iPhone 15, 14, 13 and 12 Series, Compatible with MagSafe Covers – Black",,3.7 out of 5 stars,"1,428 ratings",In stock
,,,,Not Available
"Belkin 5000 mAh Magnetic MagSafe Compatible Wireless Power Bank with Stand, Sleek Design for iPhone 15, 14, 13 and 12 Series, Compatible with MagSafe Covers – Black",,3.7 out of 5 stars,"1,428 ratings",In stock
"Qubo MagZap X1 Power Bank from Hero Group 5000mAh Magnetic Magsafe Wireless, 15W Wireless/20W Wired Output, USB Type C, Supports iPhone 12 & Above, Metal Ring Included for Older Models (Black)",,3.3 out of 5 stars,314 ratings,In stock
"Qubo MagZap X1 Power Bank from Hero Group 5000mAh Magnetic Magsafe Wireless, 15W Wireless/20W Wired Output, USB Type C, Supports iPhone 12 & Above, Metal Ring Included for Older Models (Black)",,3.3 out of 5 stars,314 ratings,In stock
"Qubo MagZap X1 Power Bank from Hero Group 5000mAh Magnetic Magsafe Wireless, 15W Wireless/20W Wired Output, USB Type C, Supports iPhone 12 & Above, Metal Ring Included for Older Models (Black)",,3.3 out of 5 stars,314 ratings,In stock
"Qubo MagZap X1 Power Bank from Hero Group 5000mAh Magnetic Magsafe Wireless, 15W Wireless/20W Wired Output, USB Type C, Supports iPhone 12 & Above, Metal Ring Included for Older Models (Black)",,3.3 out of 5 stars,314 ratings,In stock
,,,,Not Available
"Qubo MagZap X1 Power Bank from Hero Group 5000mAh Magnetic Magsafe Wireless, 15W Wireless/20W Wired Output, USB Type C, Supports iPhone 12 & Above, Metal Ring Included for Older Models (Black)",,3.3 out of 5 stars,314 ratings,In stock
"Qubo MagZap X1 Power Bank from Hero Group 5000mAh Magnetic Magsafe Wireless, 15W Wireless/20W Wired Output, USB Type C, Supports iPhone 12 & Above, Metal Ring Included for Older Models (White)",,3.3 out of 5 stars,314 ratings,In stock
"Qubo MagZap X1 Power Bank from Hero Group 5000mAh Magnetic Magsafe Wireless, 15W Wireless/20W Wired Output, USB Type C, Supports iPhone 12 & Above, Metal Ring Included for Older Models (White)",,3.3 out of 5 stars,314 ratings,In stock
"Qubo MagZap X1 Power Bank from Hero Group 5000mAh Magnetic Magsafe Wireless, 15W Wireless/20W Wired Output, USB Type C, Supports iPhone 12 & Above, Metal Ring Included for Older Models (White)",,3.3 out of 5 stars,314 ratings,In stock
"Qubo MagZap X1 Power Bank from Hero Group 5000mAh Magnetic Magsafe Wireless, 15W Wireless/20W Wired Output, USB Type C, Supports iPhone 12 & Above, Metal Ring Included for Older Models (White)",,3.3 out of 5 stars,314 ratings,In stock
,,,,Not Available
"Qubo MagZap X1 Power Bank from Hero Group 5000mAh Magnetic Magsafe Wireless, 15W Wireless/20W Wired Output, USB Type C, Supports iPhone 12 & Above, Metal Ring Included for Older Models (White)",,3.3 out of 5 stars,314 ratings,In stock
"Belkin 20000 mAh 15W PD 3.0 Slim Fast Charging Power Bank with 1 USB-C and 2 USB-A Ports to Charge 3 Devices Simultaneously, for iPhones, Android Phones, Smart Watches & More - Blue",,4.5 out of 5 stars,336 ratings,In stock
"Belkin 20000 mAh 15W PD 3.0 Slim Fast Charging Power Bank with 1 USB-C and 2 USB-A Ports to Charge 3 Devices Simultaneously, for iPhones, Android Phones, Smart Watches & More - Blue",,4.5 out of 5 stars,336 ratings,In stock
"Belkin 20000 mAh 15W PD 3.0 Slim Fast Charging Power Bank with 1 USB-C and 2 USB-A Ports to Charge 3 Devices Simultaneously, for iPhones, Android Phones, Smart Watches & More - Blue",,4.5 out of 5 stars,336 ratings,In stock
,,,,Not Available
"Belkin 20000 mAh 15W PD 3.0 Slim Fast Charging Power Bank with 1 USB-C and 2 USB-A Ports to Charge 3 Devices Simultaneously, for iPhones, Android Phones, Smart Watches & More - Blue",,4.5 out of 5 stars,336 ratings,In stock
"pTron Newly Launched Dynamo Elite 10000mAh 22.5W Power Bank Supports VOOC/Wrap/Dash USB Charging, 20W PD Fast Charging, 3 Output Ports, 2 Input Ports & Multiple Layers of Protection (Black)",,3.1 out of 5 stars,115 ratings,In stock
"pTron Newly Launched Dynamo Elite 10000mAh 22.5W Power Bank Supports VOOC/Wrap/Dash USB Charging, 20W PD Fast Charging, 3 Output Ports, 2 Input Ports & Multiple Layers of Protection (Black)",,3.1 out of 5 stars,115 ratings,In stock
"pTron Newly Launched Dynamo Elite 10000mAh 22.5W Power Bank Supports VOOC/Wrap/Dash USB Charging, 20W PD Fast Charging, 3 Output Ports, 2 Input Ports & Multiple Layers of Protection (Black)",,3.1 out of 5 stars,115 ratings,In stock
,,,,Not Available
"pTron Newly Launched Dynamo Elite 10000mAh 22.5W Power Bank Supports VOOC/Wrap/Dash USB Charging, 20W PD Fast Charging, 3 Output Ports, 2 Input Ports & Multiple Layers of Protection (Black)",,3.1 out of 5 stars,115 ratings,In stock
"pTron Newly Launched Dynamo Lite 10000mAh 12W Power Bank, Made in India, Dual USB Charging Ports, 2 Input Ports Type-C & Micro USB, Slim Design & Multiple Layers of Protection (Black)",,3.0 out of 5 stars,57 ratings,In stock
"pTron Newly Launched Dynamo Lite 10000mAh 12W Power Bank, Made in India, Dual USB Charging Ports, 2 Input Ports Type-C & Micro USB, Slim Design & Multiple Layers of Protection (Black)",,3.0 out of 5 stars,57 ratings,In stock
"pTron Newly Launched Dynamo Lite 10000mAh 12W Power Bank, Made in India, Dual USB Charging Ports, 2 Input Ports Type-C & Micro USB, Slim Design & Multiple Layers of Protection (Black)",,3.0 out of 5 stars,57 ratings,In stock
"pTron Newly Launched Dynamo Lite 10000mAh 12W Power Bank, Made in India, Dual USB Charging Ports, 2 Input Ports Type-C & Micro USB, Slim Design & Multiple Layers of Protection (Black)",,3.0 out of 5 stars,57 ratings,In stock
,,,,Not Available
,,,,Not Available
,,Previous slide,,Not Available
,,Previous slide,,Not Available
,,Previous page,,Not Available
,,3.8 out of 5 stars,,Not Available
,,3.8 out of 5 stars,,Not Available
,,3.8 out of 5 stars,,Not Available
,,3.8 out of 5 stars,,Not Available
,,3.8 out of 5 stars,,Not Available
,,3.8 out of 5 stars,,Not Available
,,Previous page,,Not Available
,,3.8 out of 5 stars,,Not Available
,,3.8 out of 5 stars,,Not Available
,,3.8 out of 5 stars,,Not Available
,,3.8 out of 5 stars,,Not Available
,,Previous page,,Not Available
,,3.8 out of 5 stars,,Not Available
,,3.0 out of 5 stars,,Not Available
,,4.1 out of 5 stars,,Not Available
,,Previous page,,Not Available
,,Previous page,,Not Available
,,Previous page,,Not Available
,,4.2 out of 5 stars,,Not Available
,,3.8 out of 5 stars,,Not Available
,,4 Stars & Up,,Not Available
,,4 Stars & Up,,Not Available
,,Previous page,,Not Available
,,3.8 out of 5 stars,,Not Available
,,3.8 out of 5 stars,,Not Available
,,Previous page,,Not Available
,,3.8 out of 5 stars,,Not Available
,,3.8 out of 5 stars,,Not Available
,,4.2 out of 5 stars,,Not Available
,,3.8 out of 5 stars,,Not Available
,,4.2 out of 5 stars,,Not Available
,,3.8 out of 5 stars,,Not Available
,,Previous page,,Not Available
,,3.8 out of 5 stars,,Not Available
,,3.8 out of 5 stars,,Not Available
,,3.8 out of 5 stars,,Not Available
,,3.8 out of 5 stars,,Not Available
,,3.8 out of 5 stars,,Not Available
,,3.8 out of 5 stars,,Not Available
,,3.8 out of 5 stars,,Not Available
,,4 Stars & Up,,Not Available
"Amazon Basics 20000mAh 22.5W Lithium-Polymer Power Bank | Dual Input, Triple Output | Fast Charging, Black, Type-C Cable Included",,3.8 out of 5 stars,"2,264 ratings",In stock
,,Previous slide,,Not Available
"Amazon Basics 20000mAh 22.5W Lithium-Polymer Power Bank | Dual Input, Triple Output | Fast Charging, Black, Type-C Cable Included",,3.8 out of 5 stars,"2,264 ratings",In stock
"Amazon Basics 20000mAh 22.5W Lithium-Polymer Power Bank | Dual Input, Triple Output | Fast Charging, Black, Type-C Cable Included",,3.8 out of 5 stars,"2,264 ratings",In stock
"Amazon Basics 20000mAh 22.5W Lithium-Polymer Power Bank | Dual Input, Triple Output | Fast Charging, Black, Type-C Cable Included",,3.8 out of 5 stars,"2,264 ratings",In stock
"Ambrane 10000mAh Slim Power Bank, 20W Fast Charging, Dual Output, Type C PD (Input & Output), Quick Charge, Li-Polymer, Multi-Layer Protection for iPhone, Anrdoid & Other Devices (Stylo 10K, Black)",,3.8 out of 5 stars,"14,869 ratings",In stock
"Ambrane 10000mAh Slim Power Bank, 20W Fast Charging, Dual Output, Type C PD (Input & Output), Quick Charge, Li-Polymer, Multi-Layer Protection for iPhone, Anrdoid & Other Devices (Stylo 10K, Black)",,3.8 out of 5 stars,"14,869 ratings",In stock
,,Previous slide,,Not Available
"Ambrane 10000mAh Slim Power Bank, 20W Fast Charging, Dual Output, Type C PD (Input & Output), Quick Charge, Li-Polymer, Multi-Layer Protection for iPhone, Anrdoid & Other Devices (Stylo 10K, Black)",,3.8 out of 5 stars,"14,869 ratings",In stock
"Ambrane 10000mAh Slim Power Bank, 20W Fast Charging, Dual Output, Type C PD (Input & Output), Quick Charge, Li-Polymer, Multi-Layer Protection for iPhone, Anrdoid & Other Devices (Stylo 10K, Black)",,3.8 out of 5 stars,"14,869 ratings",In stock
,,,,Not Available
"Ambrane 10000mAh Slim Power Bank, 20W Fast Charging, Dual Output, Type C PD (Input & Output), Quick Charge, Li-Polymer, Multi-Layer Protection for iPhone, Anrdoid & Other Devices (Stylo 10K, Black)",,3.8 out of 5 stars,"14,869 ratings",In stock
"Amazon Basics 10000mAh 22.5W Lithium-Polymer Power Bank | Dual Input, Triple Output | Fast Charging, Black, Type-C Cable Included",,3.6 out of 5 stars,408 ratings,In stock
,,Previous slide,,Not Available
"Amazon Basics 10000mAh 22.5W Lithium-Polymer Power Bank | Dual Input, Triple Output | Fast Charging, Black, Type-C Cable Included",,3.6 out of 5 stars,408 ratings,In stock
"Amazon Basics 10000mAh 22.5W Lithium-Polymer Power Bank | Dual Input, Triple Output | Fast Charging, Black, Type-C Cable Included",,3.6 out of 5 stars,408 ratings,In stock
"Amazon Basics 10000mAh 22.5W Lithium-Polymer Power Bank | Dual Input, Triple Output | Fast Charging, Black, Type-C Cable Included",,3.6 out of 5 stars,408 ratings,In stock
"pTron Dynamo Nitro 10000mAh 12W Power Bank, Dual USB Charging Ports, 2 Input Ports Type-C & Micro USB, Made in India, Multiple Layers of Protection & BIS Certified (Black)",,Previous page,,In stock
"pTron Dynamo Nitro 10000mAh 12W Power Bank, Dual USB Charging Ports, 2 Input Ports Type-C & Micro USB, Made in India, Multiple Layers of Protection & BIS Certified (Black)",,Previous page,,In stock
,,,,Not Available
"pTron Dynamo Nitro 10000mAh 12W Power Bank, Dual USB Charging Ports, 2 Input Ports Type-C & Micro USB, Made in India, Multiple Layers of Protection & BIS Certified (Black)",,Previous page,,In stock
"pTron Newly Launched Dynamo Elite 10000mAh 22.5W Power Bank Supports VOOC/Wrap/Dash USB Charging, 20W PD Fast Charging, 3 Output Ports, 2 Input Ports & Multiple Layers of Protection (Black)",,3.2 out of 5 stars,66 ratings,In stock
"pTron Newly Launched Dynamo Elite 10000mAh 22.5W Power Bank Supports VOOC/Wrap/Dash USB Charging, 20W PD Fast Charging, 3 Output Ports, 2 Input Ports & Multiple Layers of Protection (Black)",,3.2 out of 5 stars,66 ratings,In stock
"pTron Newly Launched Dynamo Elite 10000mAh 22.5W Power Bank Supports VOOC/Wrap/Dash USB Charging, 20W PD Fast Charging, 3 Output Ports, 2 Input Ports & Multiple Layers of Protection (Black)",,3.2 out of 5 stars,66 ratings,In stock
,,,,Not Available
"pTron Newly Launched Dynamo Elite 10000mAh 22.5W Power Bank Supports VOOC/Wrap/Dash USB Charging, 20W PD Fast Charging, 3 Output Ports, 2 Input Ports & Multiple Layers of Protection (Black)",,3.2 out of 5 stars,66 ratings,In stock
"URBN 65W Laptop Power Bank with 65W Type C to C Charging Cable for Macbooks, iPhones, Smartphones and Other Supported Devices",,3.9 out of 5 stars,"14,377 ratings",In stock
"URBN 65W Laptop Power Bank with 65W Type C to C Charging Cable for Macbooks, iPhones, Smartphones and Other Supported Devices",,3.9 out of 5 stars,"14,377 ratings",In stock
"URBN 65W Laptop Power Bank with 65W Type C to C Charging Cable for Macbooks, iPhones, Smartphones and Other Supported Devices",,3.9 out of 5 stars,"14,377 ratings",In stock
"URBN 65W Laptop Power Bank with 65W Type C to C Charging Cable for Macbooks, iPhones, Smartphones and Other Supported Devices",,3.9 out of 5 stars,"14,377 ratings",In stock
,,,,Not Available
"URBN 65W Laptop Power Bank with 65W Type C to C Charging Cable for Macbooks, iPhones, Smartphones and Other Supported Devices",,3.9 out of 5 stars,"14,377 ratings",In stock
"Belkin 5000 mAh Magnetic MagSafe Compatible Wireless Power Bank with Stand, Sleek Design for iPhone 15, 14, 13 and 12 Series, Compatible with MagSafe Covers – Purple",,3.7 out of 5 stars,"1,429 ratings",In stock
"Belkin 5000 mAh Magnetic MagSafe Compatible Wireless Power Bank with Stand, Sleek Design for iPhone 15, 14, 13 and 12 Series, Compatible with MagSafe Covers – Purple",,3.7 out of 5 stars,"1,429 ratings",In stock
"Belkin 5000 mAh Magnetic MagSafe Compatible Wireless Power Bank with Stand, Sleek Design for iPhone 15, 14, 13 and 12 Series, Compatible with MagSafe Covers – Purple",,3.7 out of 5 stars,"1,429 ratings",In stock
"Belkin 5000 mAh Magnetic MagSafe Compatible Wireless Power Bank with Stand, Sleek Design for iPhone 15, 14, 13 and 12 Series, Compatible with MagSafe Covers – Purple",,3.7 out of 5 stars,"1,429 ratings",In stock
,,,,Not Available
"Belkin 5000 mAh Magnetic MagSafe Compatible Wireless Power Bank with Stand, Sleek Design for iPhone 15, 14, 13 and 12 Series, Compatible with MagSafe Covers – Purple",,3.7 out of 5 stars,"1,429 ratings",In stock
"Belkin 20000 mAh 15W PD 3.0 Slim Fast Charging Power Bank with 1 USB-C and 2 USB-A Ports to Charge 3 Devices Simultaneously, for iPhones, Android Phones, Smart Watches & More - Rose Gold",,4.4 out of 5 stars,198 ratings,In stock
"Belkin 20000 mAh 15W PD 3.0 Slim Fast Charging Power Bank with 1 USB-C and 2 USB-A Ports to Charge 3 Devices Simultaneously, for iPhones, Android Phones, Smart Watches & More - Rose Gold",,4.4 out of 5 stars,198 ratings,In stock
"Belkin 20000 mAh 15W PD 3.0 Slim Fast Charging Power Bank with 1 USB-C and 2 USB-A Ports to Charge 3 Devices Simultaneously, for iPhones, Android Phones, Smart Watches & More - Rose Gold",,4.4 out of 5 stars,198 ratings,In stock
,,,,Not Available
"Belkin 20000 mAh 15W PD 3.0 Slim Fast Charging Power Bank with 1 USB-C and 2 USB-A Ports to Charge 3 Devices Simultaneously, for iPhones, Android Phones, Smart Watches & More - Rose Gold",,4.4 out of 5 stars,198 ratings,In stock
"Belkin 5000 mAh Magnetic MagSafe Compatible Wireless Power Bank with Stand, Sleek Design for iPhone 15, 14, 13 and 12 Series, Compatible with MagSafe Covers – Pink",,3.7 out of 5 stars,"1,429 ratings",In stock
"Belkin 5000 mAh Magnetic MagSafe Compatible Wireless Power Bank with Stand, Sleek Design for iPhone 15, 14, 13 and 12 Series, Compatible with MagSafe Covers – Pink",,3.7 out of 5 stars,"1,429 ratings",In stock
"Belkin 5000 mAh Magnetic MagSafe Compatible Wireless Power Bank with Stand, Sleek Design for iPhone 15, 14, 13 and 12 Series, Compatible with MagSafe Covers – Pink",,3.7 out of 5 stars,"1,429 ratings",In stock
"Belkin 5000 mAh Magnetic MagSafe Compatible Wireless Power Bank with Stand, Sleek Design for iPhone 15, 14, 13 and 12 Series, Compatible with MagSafe Covers – Pink",,3.7 out of 5 stars,"1,429 ratings",In stock
"Belkin 5000 mAh Magnetic MagSafe Compatible Wireless Power Bank with Stand, Sleek Design for iPhone 15, 14, 13 and 12 Series, Compatible with MagSafe Covers – Pink",,3.7 out of 5 stars,"1,429 ratings",In stock
"GIZMORE PD20KP2 20000mAh PD Power Bank 22.5W Fast Charging | Dual USB Output, 1 Micro USB Input, Type C (Input & Output)|LED Indicator, Lightweight| Lithium Polymer Power Bank (Black)",,5.0 out of 5 stars,3 ratings,In stock
"GIZMORE PD20KP2 20000mAh PD Power Bank 22.5W Fast Charging | Dual USB Output, 1 Micro USB Input, Type C (Input & Output)|LED Indicator, Lightweight| Lithium Polymer Power Bank (Black)",,5.0 out of 5 stars,3 ratings,In stock
"GIZMORE PD20KP2 20000mAh PD Power Bank 22.5W Fast Charging | Dual USB Output, 1 Micro USB Input, Type C (Input & Output)|LED Indicator, Lightweight| Lithium Polymer Power Bank (Black)",,5.0 out of 5 stars,3 ratings,In stock
"GIZMORE PD20KP2 20000mAh PD Power Bank 22.5W Fast Charging | Dual USB Output, 1 Micro USB Input, Type C (Input & Output)|LED Indicator, Lightweight| Lithium Polymer Power Bank (Black)",,5.0 out of 5 stars,3 ratings,In stock
"Toreto Trinity Pro 10000mAh Li-Polymer 12W Fast Charging Power Bank with 2.4A Inbuilt 4 in 1 USB,Micro USB, Type-C & Lightning Cables, with Mobile Holder, Universal Compatibility",,3.9 out of 5 stars,2 ratings,
"Toreto Trinity Pro 10000mAh Li-Polymer 12W Fast Charging Power Bank with 2.4A Inbuilt 4 in 1 USB,Micro USB, Type-C & Lightning Cables, with Mobile Holder, Universal Compatibility",,3.9 out of 5 stars,2 ratings,
"Toreto Trinity Pro 10000mAh Li-Polymer 12W Fast Charging Power Bank with 2.4A Inbuilt 4 in 1 USB,Micro USB, Type-C & Lightning Cables, with Mobile Holder, Universal Compatibility",,3.9 out of 5 stars,2 ratings,
"Toreto Trinity Pro 10000mAh Li-Polymer 12W Fast Charging Power Bank with 2.4A Inbuilt 4 in 1 USB,Micro USB, Type-C & Lightning Cables, with Mobile Holder, Universal Compatibility",,3.9 out of 5 stars,2 ratings,
"GIZMORE PD10KP4 10000mAh PD Power Bank 22W Fast Charging | Dual USB Output, 1 Micro USB Input, Type C (Input & Output)|LED Indicator, Lightweight| Lithium Polymer Power Bank (Black)",,5.0 out of 5 stars,3 ratings,In stock
"GIZMORE PD10KP4 10000mAh PD Power Bank 22W Fast Charging | Dual USB Output, 1 Micro USB Input, Type C (Input & Output)|LED Indicator, Lightweight| Lithium Polymer Power Bank (Black)",,5.0 out of 5 stars,3 ratings,In stock
"GIZMORE PD10KP4 10000mAh PD Power Bank 22W Fast Charging | Dual USB Output, 1 Micro USB Input, Type C (Input & Output)|LED Indicator, Lightweight| Lithium Polymer Power Bank (Black)",,5.0 out of 5 stars,3 ratings,In stock
"GIZMORE PD10KP4 10000mAh PD Power Bank 22W Fast Charging | Dual USB Output, 1 Micro USB Input, Type C (Input & Output)|LED Indicator, Lightweight| Lithium Polymer Power Bank (Black)",,5.0 out of 5 stars,3 ratings,In stock
"GIZMORE PB10KP15 10000mAh 12W Power Bank with Fast Charging | Dual Output Ports | Dual Input Ports | LED Indicator| Lithium Polymer Power Bank for Mobiles, Tablets and Digital Camera (Black)",,5.0 out of 5 stars,3 ratings,In stock
"GIZMORE PB10KP15 10000mAh 12W Power Bank with Fast Charging | Dual Output Ports | Dual Input Ports | LED Indicator| Lithium Polymer Power Bank for Mobiles, Tablets and Digital Camera (Black)",,5.0 out of 5 stars,3 ratings,In stock
"GIZMORE PB10KP15 10000mAh 12W Power Bank with Fast Charging | Dual Output Ports | Dual Input Ports | LED Indicator| Lithium Polymer Power Bank for Mobiles, Tablets and Digital Camera (Black)",,5.0 out of 5 stars,3 ratings,In stock
"GIZMORE PB10KP15 10000mAh 12W Power Bank with Fast Charging | Dual Output Ports | Dual Input Ports | LED Indicator| Lithium Polymer Power Bank for Mobiles, Tablets and Digital Camera (Black)",,5.0 out of 5 stars,3 ratings,In stock
"FXLION Nano Three V Mount/V-Lock Battery (14.8V / 150Wh) with D-TAP,USB-C,USB-A, Micro USB Plugs, 773g Mini Power Bank for Cameras, Camcorders, Large LED Lights, Monitors, MacBook and Smartphone",,3.0 out of 5 stars,1 rating,In stock
"FXLION Nano Three V Mount/V-Lock Battery (14.8V / 150Wh) with D-TAP,USB-C,USB-A, Micro USB Plugs, 773g Mini Power Bank for Cameras, Camcorders, Large LED Lights, Monitors, MacBook and Smartphone",,3.0 out of 5 stars,1 rating,In stock
"FXLION Nano Three V Mount/V-Lock Battery (14.8V / 150Wh) with D-TAP,USB-C,USB-A, Micro USB Plugs, 773g Mini Power Bank for Cameras, Camcorders, Large LED Lights, Monitors, MacBook and Smartphone",,3.0 out of 5 stars,1 rating,In stock
"FXLION Nano Three V Mount/V-Lock Battery (14.8V / 150Wh) with D-TAP,USB-C,USB-A, Micro USB Plugs, 773g Mini Power Bank for Cameras, Camcorders, Large LED Lights, Monitors, MacBook and Smartphone",,3.0 out of 5 stars,1 rating,In stock
"Ambrane 10000mAh Slim Power Bank, 20W Fast Charging, Dual Output, Type C PD (Input & Output), Quick Charge, Li-Polymer, Multi-Layer Protection for iPhone, Anrdoid & Other Devices (Stylo 10K, Black)",,Previous page,,In stock
"Ambrane 10000mAh Slim Power Bank, 20W Fast Charging, Dual Output, Type C PD (Input & Output), Quick Charge, Li-Polymer, Multi-Layer Protection for iPhone, Anrdoid & Other Devices (Stylo 10K, Black)",,Previous page,,In stock
"Ambrane 10000mAh Slim Power Bank, 20W Fast Charging, Dual Output, Type C PD (Input & Output), Quick Charge, Li-Polymer, Multi-Layer Protection for iPhone, Anrdoid & Other Devices (Stylo 10K, Black)",,Previous page,,In stock
"Ambrane 10000mAh Slim Power Bank, 20W Fast Charging, Dual Output, Type C PD (Input & Output), Quick Charge, Li-Polymer, Multi-Layer Protection for iPhone, Anrdoid & Other Devices (Stylo 10K, Black)",,Previous page,,In stock
Kivart Boost 20000mAh Li-Polymer,,Previous page,,In stock
Kivart Boost 20000mAh Li-Polymer,,Previous page,,In stock
Kivart Boost 20000mAh Li-Polymer,,Previous page,,In stock
"GIZMORE PB20KP4 20000mAh 12W Power Bank with Fast Charging | Dual Output Ports | Dual Input Ports | LED Indicator| Lithium Polymer Power Bank for Mobiles, Tablets and Digital Camera (Black)",,5.0 out of 5 stars,3 ratings,In stock
"GIZMORE PB20KP4 20000mAh 12W Power Bank with Fast Charging | Dual Output Ports | Dual Input Ports | LED Indicator| Lithium Polymer Power Bank for Mobiles, Tablets and Digital Camera (Black)",,5.0 out of 5 stars,3 ratings,In stock
"GIZMORE PB20KP4 20000mAh 12W Power Bank with Fast Charging | Dual Output Ports | Dual Input Ports | LED Indicator| Lithium Polymer Power Bank for Mobiles, Tablets and Digital Camera (Black)",,5.0 out of 5 stars,3 ratings,In stock
"GIZMORE PB20KP4 20000mAh 12W Power Bank with Fast Charging | Dual Output Ports | Dual Input Ports | LED Indicator| Lithium Polymer Power Bank for Mobiles, Tablets and Digital Camera (Black)",,5.0 out of 5 stars,3 ratings,In stock
Kivart Sprint 10000mAh Li-Polymer,,Previous page,,Only 1 left in stock.
Kivart Sprint 10000mAh Li-Polymer,,Previous page,,Only 1 left in stock.
Kivart Sprint 10000mAh Li-Polymer,,Previous page,,Only 1 left in stock.
"pTron Newly Launched Dynamo Nitro 10000mAh 12W Power Bank, Dual USB Charging Ports, 2 Input Ports Type-C & Micro USB, Made in India, Multiple Layers of Protection & BIS Certified (Blue)",,Previous page,,In stock
"pTron Newly Launched Dynamo Nitro 10000mAh 12W Power Bank, Dual USB Charging Ports, 2 Input Ports Type-C & Micro USB, Made in India, Multiple Layers of Protection & BIS Certified (Blue)",,Previous page,,In stock
,,,,Not Available
"pTron Newly Launched Dynamo Nitro 10000mAh 12W Power Bank, Dual USB Charging Ports, 2 Input Ports Type-C & Micro USB, Made in India, Multiple Layers of Protection & BIS Certified (Blue)",,Previous page,,In stock
"pTron Newly Launched Dynamo Nitro 10000mAh 12W Power Bank, Dual USB Charging Ports, 2 Input Ports Type-C & Micro USB, Made in India, Multiple Layers of Protection & BIS Certified (Green)",,Previous page,,In stock
"pTron Newly Launched Dynamo Nitro 10000mAh 12W Power Bank, Dual USB Charging Ports, 2 Input Ports Type-C & Micro USB, Made in India, Multiple Layers of Protection & BIS Certified (Green)",,Previous page,,In stock
,,,,Not Available
"pTron Newly Launched Dynamo Nitro 10000mAh 12W Power Bank, Dual USB Charging Ports, 2 Input Ports Type-C & Micro USB, Made in India, Multiple Layers of Protection & BIS Certified (Green)",,Previous page,,In stock
Magnetic Wireless PowerBank 5000 mah (White).Works for iPhone 15/14/13/12 and for magsafe Cases.,,Previous page,,In stock
Magnetic Wireless PowerBank 5000 mah (White).Works for iPhone 15/14/13/12 and for magsafe Cases.,,Previous page,,In stock
Magnetic Wireless PowerBank 5000 mah (White).Works for iPhone 15/14/13/12 and for magsafe Cases.,,Previous page,,In stock
"pTron Dynamo 10000mAh 22.5W Power Bank, 20W PD Fast Charging, 3 Output Ports, 2 Input Ports Type-C/PD & Micro USB, Made in India, Li-Polymer Battery & Multiple Layers of Protection (Jet Black)",,Previous page,,In stock
"pTron Dynamo 10000mAh 22.5W Power Bank, 20W PD Fast Charging, 3 Output Ports, 2 Input Ports Type-C/PD & Micro USB, Made in India, Li-Polymer Battery & Multiple Layers of Protection (Jet Black)",,Previous page,,In stock
,,,,Not Available
"pTron Dynamo 10000mAh 22.5W Power Bank, 20W PD Fast Charging, 3 Output Ports, 2 Input Ports Type-C/PD & Micro USB, Made in India, Li-Polymer Battery & Multiple Layers of Protection (Jet Black)",,Previous page,,In stock
"Mobile Phone Cooler with Rechargeable Battery, Phone Cooling Fan for iPhone Android Smartphones, Mobile Phone Radiator Heatsink with RGB LED… (Cooler with Finger Sleeves)",,4.0 out of 5 stars,11 ratings,
"Mobile Phone Cooler with Rechargeable Battery, Phone Cooling Fan for iPhone Android Smartphones, Mobile Phone Radiator Heatsink with RGB LED… (Cooler with Finger Sleeves)",,4.0 out of 5 stars,11 ratings,
"Mobile Phone Cooler with Rechargeable Battery, Phone Cooling Fan for iPhone Android Smartphones, Mobile Phone Radiator Heatsink with RGB LED… (Cooler with Finger Sleeves)",,4.0 out of 5 stars,11 ratings,
"Mobile Phone Cooler with Rechargeable Battery, Phone Cooling Fan for iPhone Android Smartphones, Mobile Phone Radiator Heatsink with RGB LED… (Cooler with Finger Sleeves)",,4.0 out of 5 stars,11 ratings,
,,,,Not Available
Jaison Storr Compatible Mobile Battery for Oneplus Two (1+2) BLP597 3300 mAh…,,Previous page,,In stock
Jaison Storr Compatible Mobile Battery for Oneplus Two (1+2) BLP597 3300 mAh…,,Previous page,,In stock
Shri Krishna EnterprisesBattery Compatible with Lenovo K6 Power 4000 Mah Model BL272/K33A42,,3.0 out of 5 stars,1 rating,In stock
Shri Krishna EnterprisesBattery Compatible with Lenovo K6 Power 4000 Mah Model BL272/K33A42,,3.0 out of 5 stars,1 rating,In stock
Shri Krishna EnterprisesBattery Compatible with Lenovo K6 Power 4000 Mah Model BL272/K33A42,,3.0 out of 5 stars,1 rating,In stock
,,,,Not Available
,,,,Not Available
,,,,Not Available
Water of 18650 Battery Power Bank Case Box USB 5V Charging Phone DC8.4V Battery Pack Case Box for Led Bike Light,,Previous page,,
,,,,Not Available
,,,,Not Available
,,,,Not Available
TrustFire 8.4V Bicycle Mobile Power Box Battery Storage Case Rechargeable 18650 Battery Pack Waterproof Holder House Cover for Cycling Bike Light Headlamp Mobile Phone,,4.5 out of 5 stars,67 ratings,
,,,,Not Available
,,,,Not Available
,,,,Not Available
,,,,Not Available
,,Previous slide,,Not Available
,,,,Not Available
,,,,Not Available
,,,,Not Available
,,,,Not Available
,,,,Not Available
,,,,Not Available
,,,,Not Available
,,,,Not Available
,,3.8 out of 5 stars,,Not Available
,,,,Not Available
,,,,Not Available
,,,,Not Available
,,,,Not Available
,,,,Not Available
,,,,Not Available
,,,,Not Available
,,,,Not Available
,,,,Not Available
,,,,Not Available
,,,,Not Available
,,,,Not Available
,,,,Not Available
,,3.8 out of 5 stars,,Not Available
,,,,Not Available
,,,,Not Available
,,,,Not Available
,,,,Not Available
,,,,Not Available
,,,,Not Available
,,,,Not Available
,,,,Not Available
,,,,Not Available
,,,,Not Available
,,,,Not Available
,,,,Not Available
,,,,Not Available
,,,,Not Available
,,,,Not Available
,,,,Not Available
,,,,Not Available
